ABED, 2
ABET, 3
ABID, 2
ABLE, 0
ABLY, 1
ABOS, 2
ABRI, 2
ABUT, 3
ABYE, 2
ABYS, 3
ACED, 5
ACER, 2
ACES, 6
ACHE, 3
ACHY, 4
ACID, 3
ACME, 4
ACNE, 2
ACRE, 5
ACTS, 6
ACYL, 3
ADIT, 4
ADOS, 3
ADRY, 4
ADZE, 3
AEON, 3
AERO, 2
AERY, 3
AESC, 2
AFRO, 4
AGED, 3
AGEN, 4
AGER, 1
AGES, 5
AGIN, 4
AGIO, 4
AGLU, 3
AGLY, 4
AGON, 4
AGUE, 4
AHED, 3
AHEM, 2
AHIS, 3
AHOY, 5
AIDE, 2
AIDS, 3
AILS, 3
AIMS, 3
AINE, 2
AINS, 4
AIRN, 4
AIRS, 5
AIRT, 4
AIRY, 5
AITS, 6
AITU, 4
AKED, 7
AKES, 6
AKIN, 5
ALBE, 1
ALBS, 3
ALCO, 3
ALEC, 3
ALEF, 4
ALES, 2
ALEW, 5
ALFS, 3
ALIF, 4
ALIT, 4
ALKO, 4
ALKY, 5
ALME, 2
ALMS, 4
ALOD, 3
ALOE, 2
ALOW, 2
ALPS, 5
ALSO, 5
ALTO, 6
ALTS, 6
ALUM, 6
ALUS, 7
AMBO, 4
AMEN, 3
AMES, 4
AMID, 4
AMIE, 3
AMIN, 6
AMIR, 4
AMIS, 2
AMOK, 5
AMPS, 4
AMUS, 5
AMYL, 4
ANCE, 3
ANDS, 5
ANES, 4
ANEW, 3
ANIL, 4
ANIS, 4
ANKH, 4
ANOW, 3
ANTE, 3
ANTI, 4
ANTS, 5
ANUS, 5
APED, 5
APER, 3
APES, 6
APEX, 4
APOD, 4
APOS, 4
APSE, 4
APSO, 3
APTS, 5
ARBS, 3
ARCH, 3
ARCO, 3
ARCS, 4
ARDS, 4
ARED, 2
AREG, 2
ARES, 3
ARET, 4
AREW, 5
ARFS, 4
ARGH, 4
ARID, 3
ARIL, 3
ARIS, 5
ARKS, 5
ARLE, 2
ARMS, 6
ARMY, 4
AROW, 4
ARSE, 3
ARSY, 5
ARTI, 4
ARTS, 7
ARTY, 5
ARUM, 3
ARVO, 5
ARYL, 4
ASCI, 3
ASHY, 5
ATES, 7
ATOC, 5
ATOK, 6
ATOM, 4
ATOP, 7
AUFS, 5
AUKS, 6
AULD, 3
AUNE, 4
AUNT, 4
AUTO, 4
AVEL, 2
AVER, 4
AVES, 8
AVID, 5
AVOS, 5
AVOW, 4
AWDL, 3
AWED, 4
AWES, 5
AWFY, 3
AWKS, 5
AWLS, 4
AWNS, 4
AWNY, 4
AWOL, 3
AWRY, 4
AXED, 5
AXEL, 3
AXES, 6
AXIL, 5
AXIS, 6
AXLE, 3
AXON, 5
AYES, 9
AYIN, 7
AYRE, 4
AYUS, 6
AZON, 6
AZYM, 4
BACH, 3
BACK, 4
BACS, 3
BADE, 3
BADS, 4
BAEL, 1
BAFT, 3
BAGH, 5
BAGS, 5
BAHT, 2
BAHU, 4
BAIL, 3
BAIT, 4
BAJU, 4
BAKE, 4
BALD, 3
BALE, 2
BALK, 4
BALM, 5
BALS, 2
BALU, 2
BAMS, 6
BANC, 5
BAND, 5
BANE, 2
BANG, 6
BANI, 7
BANK, 8
BANS, 7
BANT, 5
BAPS, 8
BAPU, 5
BARD, 7
BARE, 5
BARF, 6
BARK, 7
BARM, 8
BARN, 6
BARP, 9
BARS, 2
BASE, 3
BASH, 3
BASK, 4
BAST, 1
BATE, 6
BATH, 3
BATS, 2
BAUD, 5
BAUK, 6
BAUR, 7
BAWD, 8
BAWL, 2
BAWN, 7
BAWR, 7
BAYE, 7
BAYS, 9
BAYT, 6
BEAD, 2
BEAK, 3
BEAM, 4
BEAN, 5
BEAR, 3
BEAT, 6
BEAU, 7
BECK, 4
BEDS, 4
BEDU, 5
BEGO, 4
BEGS, 3
BEIN, 3
BELS, 3
BELT, 2
BEMA, 3
BEND, 3
BENI, 2
BENJ, 4
BENS, 5
BENT, 3
BERG, 3
BERK, 4
BERM, 5
BEST, 4
BETA, 4
BETH, 4
BETS, 3
BEVY, 6
BEYS, 6
BHAI, 3
BHAT, 3
BHEL, 3
BHUT, 4
BIAS, 3
BICE, 4
BIDE, 5
BIDS, 3
BIEN, 3
BIER, 3
BIGA, 3
BIGS, 3
BIKE, 5
BILE, 2
BILK, 2
BIMA, 4
BIND, 5
BINE, 6
BING, 4
BINK, 5
BINS, 4
BINT, 5
BIOG, 3
BIOS, 3
BIRD, 3
BIRK, 4
BIRL, 3
BIRO, 3
BISE, 6
BISH, 4
BISK, 3
BIST, 3
BITE, 4
BITO, 4
BITS, 5
BIZE, 7
BLAD, 3
BLAE, 1
BLAG, 4
BLAH, 5
BLAM, 6
BLAT, 7
BLAW, 3
BLAY, 8
BLED, 3
BLET, 4
BLEW, 5
BLEY, 6
BLIN, 4
BLIP, 4
BLIT, 3
BLOC, 4
BLOG, 5
BLOT, 2
BLOW, 6
BLUE, 3
BLUR, 3
BOAK, 3
BOAR, 2
BOAS, 4
BOAT, 4
BOCK, 4
BODE, 4
BODS, 3
BODY, 4
BOEP, 4
BOET, 3
BOGS, 4
BOGY, 3
BOHS, 5
BOIL, 4
BOIS, 2
BOKE, 6
BOKS, 6
BOLA, 3
BOLD, 3
BOLE, 1
BOLT, 4
BOMA, 4
BONA, 3
BOND, 5
BONE, 5
BONG, 4
BONK, 5
BONY, 5
BOPS, 7
BORA, 3
BORD, 2
BORE, 2
BORK, 3
BORM, 4
BORN, 5
BORS, 2
BORT, 6
BOSH, 3
BOSK, 4
BOTA, 3
BOTE, 5
BOTH, 5
BOTS, 8
BOUK, 6
BOUN, 4
BOUT, 5
BOWL, 4
BOWR, 4
BOWS, 9
BOXY, 6
BOYF, 5
BOYG, 4
BOYS, 10
BRAD, 4
BRAE, 3
BRAG, 5
BRAK, 6
BRAN, 4
BRAS, 5
BRAT, 3
BRAW, 7
BRAY, 8
BRED, 4
BREI, 3
BREN, 4
BREW, 5
BREY, 6
BRIE, 3
BRIG, 2
BRIK, 3
BRIM, 4
BRIN, 5
BRIO, 3
BRIS, 2
BRIT, 6
BROD, 3
BROG, 4
BROS, 1
BROW, 5
BRUS, 3
BRUT, 3
BRUX, 4
BUAT, 5
BUCK, 5
BUDA, 4
BUDI, 4
BUDO, 4
BUDS, 4
BUFO, 5
BUGS, 4
BUHL, 4
BUHR, 4
BUIK, 5
BUKE, 5
BULK, 3
BUMF, 5
BUMP, 5
BUMS, 5
BUNA, 5
BUND, 5
BUNG, 5
BUNK, 6
BUNS, 6
BUNT, 5
BUOY, 4
BURA, 3
BURD, 4
BURG, 4
BURK, 5
BURL, 4
BURN, 5
BURP, 6
BURS, 3
BURY, 7
BUSH, 5
BUSK, 4
BUST, 5
BUSY, 6
BUTE, 3
BUTS, 4
BUYS, 7
BYDE, 5
BYES, 4
BYKE, 6
BYRE, 3
BYRL, 5
BYTE, 6
CABS, 3
CADE, 5
CADI, 5
CADS, 5
CAFE, 6
CAGE, 4
CAGS, 6
CAGY, 4
CAID, 5
CAIN, 4
CAKE, 7
CAKY, 3
CALF, 4
CALK, 5
CALM, 6
CALO, 3
CALP, 7
CALX, 8
CAME, 8
CAMO, 5
CAMP, 5
CAMS, 7
CANE, 4
CANG, 6
CANS, 8
CANT, 5
CANY, 4
CAPE, 3
CAPH, 6
CAPI, 4
CAPO, 5
CAPS, 4
CARB, 3
CARD, 5
CARE, 2
CARK, 5
CARL, 3
CARN, 4
CARP, 5
CARS, 4
CART, 5
CASE, 9
CASH, 4
CASK, 3
CAST, 5
CATE, 10
CATS, 4
CAUF, 5
CAUK, 4
CAUL, 5
CAUM, 5
CAUP, 5
CAVE, 11
CAVY, 5
CAWK, 5
CAWS, 9
CAYS, 10
CEAS, 3
CEDI, 4
CEIL, 3
CELS, 4
CELT, 5
CENS, 5
CENT, 4
CEPS, 4
CERO, 3
CERT, 5
CHAD, 5
CHAI, 5
CHAL, 6
CHAM, 6
CHAO, 5
CHAP, 4
CHAR, 5
CHAS, 5
CHAT, 5
CHAV, 7
CHAW, 5
CHAY, 5
CHEF, 5
CHER, 5
CHEW, 4
CHEZ, 6
CHIA, 5
CHIB, 5
CHID, 3
CHIK, 4
CHIN, 3
CHIP, 5
CHIS, 4
CHIT, 6
CHIV, 7
CHIZ, 8
CHOG, 4
CHON, 4
CHOP, 5
CHOU, 6
CHOW, 4
CHUB, 6
CHUG, 4
CHUM, 5
CHUR, 4
CHUT, 6
CIAO, 6
CIDE, 3
CIDS, 4
CIEL, 4
CIGS, 4
CINE, 3
CION, 2
CIRE, 3
CIRL, 6
CIST, 5
CITE, 4
CITO, 3
CITS, 5
CITY, 4
CIVE, 5
CLAD, 6
CLAG, 5
CLAM, 5
CLAN, 7
CLAP, 8
CLAT, 4
CLAW, 9
CLAY, 5
CLEF, 3
CLEG, 4
CLEM, 5
CLEW, 6
CLIP, 4
CLIT, 5
CLOD, 4
CLOG, 4
CLON, 5
CLOP, 6
CLOT, 5
CLOU, 7
CLOW, 8
CLOY, 9
CLUB, 4
CLUE, 4
COAL, 4
COAT, 3
COAX, 5
COBS, 3
CODA, 5
CODE, 5
CODS, 3
COED, 5
COFT, 4
COGS, 4
COIF, 3
COIL, 5
COIN, 2
COIR, 3
COIT, 4
COKE, 6
COKY, 3
COLA, 4
COLD, 3
COLE, 3
COLS, 3
COLT, 3
COLY, 3
COMA, 4
COMB, 5
COME, 6
COMP, 4
COMS, 5
COND, 2
CONE, 5
CONF, 3
CONI, 1
CONK, 4
CONS, 5
CONY, 6
COPE, 4
COPS, 6
COPY, 4
CORD, 5
CORE, 5
CORF, 6
CORK, 4
CORM, 5
CORN, 3
CORS, 7
CORY, 5
COSE, 3
COSH, 3
COST, 2
COSY, 4
COTE, 7
COTH, 4
COTS, 3
COUP, 5
COUR, 6
COVE, 7
COWK, 5
COWL, 6
COWP, 6
COWS, 8
COWY, 6
COXA, 6
COXY, 7
COYS, 9
COZE, 8
COZY, 8
CRAB, 3
CRAG, 4
CRAM, 5
CRAN, 6
CRAP, 7
CRAW, 8
CRAY, 9
CRED, 4
CREM, 5
CREW, 6
CRIA, 5
CRIB, 4
CRIM, 4
CRIS, 5
CRIT, 5
CROG, 6
CROP, 5
CROW, 5
CRUD, 3
CRUE, 3
CRUS, 3
CRUX, 4
CUBE, 4
CUBS, 4
CUDS, 3
CUED, 4
CUES, 5
CUIF, 5
CUIT, 6
CUKE, 4
CULM, 3
CULT, 4
CUMS, 4
CUNT, 5
CUPS, 3
CURB, 4
CURD, 2
CURE, 3
CURF, 3
CURL, 3
CURN, 4
CURS, 4
CURT, 5
CUSH, 4
CUSK, 5
CUSP, 4
CUTE, 4
CUTS, 5
CWMS, 5
CYAN, 4
CYMA, 5
CYME, 3
CYST, 5
CYTE, 4
CZAR, 6
DABS, 4
DACE, 5
DACK, 4
DAES, 4
DAFT, 6
DAGO, 4
DAGS, 5
DAHL, 5
DAHS, 6
DAIS, 7
DAKS, 8
DALE, 2
DALI, 4
DALS, 5
DALT, 5
DAME, 4
DAMN, 3
DAMP, 6
DAMS, 9
DANG, 5
DANK, 6
DANS, 10
DANT, 4
DAPS, 6
DARB, 4
DARE, 3
DARG, 4
DARI, 6
DARK, 6
DARN, 5
DART, 6
DASH, 5
DATE, 5
DATO, 5
DAUB, 4
DAUR, 3
DAUT, 5
DAVY, 5
DAWK, 4
DAWN, 4
DAWS, 11
DAWT, 5
DAYS, 12
DAZE, 6
DEAF, 4
DEAL, 2
DEAN, 5
DEAR, 4
DEAW, 5
DEBS, 4
DEBT, 4
DECK, 5
DECO, 5
DEFI, 5
DEFO, 4
DEFT, 4
DEFY, 4
DEGS, 5
DEGU, 5
DEIF, 6
DEIL, 2
DELF, 4
DELI, 5
DELO, 6
DELS, 2
DELT, 3
DEMO, 6
DEMY, 5
DENI, 3
DENS, 6
DENT, 5
DENY, 5
DERM, 5
DERN, 4
DERO, 2
DERV, 6
DESI, 5
DESK, 4
DEUS, 7
DEVA, 5
DEVS, 8
DEWS, 5
DEWY, 6
DEXY, 7
DEYS, 4
DHAK, 6
DHAL, 4
DHOL, 4
DHOW, 5
DIAL, 3
DIBS, 5
DICE, 4
DICH, 4
DICK, 5
DICT, 4
DIEB, 4
DIEL, 3
DIES, 4
DIET, 5
DIFS, 4
DIGS, 4
DIKA, 4
DIKE, 4
DIME, 5
DIMP, 4
DIMS, 5
DINE, 6
DING, 4
DINK, 3
DINO, 3
DINS, 3
DINT, 5
DIOL, 3
DIPS, 6
DIPT, 4
DIRE, 2
DIRK, 4
DIRL, 6
DIRT, 3
DISA, 4
DISC, 3
DISH, 4
DISK, 5
DITA, 5
DITE, 7
DITS, 3
DITZ, 4
DIVA, 6
DIVE, 8
DIVO, 4
DIVS, 7
DIXY, 5
DIYA, 7
DJIN, 5
DOAB, 3
DOAT, 4
DOBS, 3
DOBY, 4
DOCK, 4
DOCS, 4
DOEK, 5
DOEN, 6
DOER, 3
DOES, 3
DOGE, 4
DOGS, 5
DOGY, 5
DOHS, 4
DOIT, 4
DOLE, 2
DOLS, 2
DOLT, 2
DOME, 5
DOMS, 6
DOMY, 6
DONA, 4
DONE, 3
DONG, 4
DONS, 4
DOPA, 6
DOPE, 5
DOPS, 7
DOPY, 4
DORB, 2
DORE, 4
DORK, 3
DORM, 4
DORP, 5
DORS, 6
DORT, 7
DORY, 8
DOSE, 4
DOSH, 4
DOST, 3
DOTE, 6
DOTH, 5
DOTS, 4
DOTY, 5
DOUC, 4
DOUK, 4
DOUM, 5
DOUN, 4
DOUP, 5
DOUR, 3
DOUT, 6
DOUX, 7
DOVE, 7
DOWF, 5
DOWL, 7
DOWN, 3
DOWP, 5
DOWS, 8
DOWT, 5
DOXY, 7
DOYS, 9
DOZE, 8
DOZY, 8
DRAB, 4
DRAC, 5
DRAG, 5
DRAM, 6
DRAP, 7
DRAT, 4
DRAW, 8
DRAY, 9
DREG, 5
DREK, 6
DREW, 7
DREY, 8
DRIB, 4
DRIP, 6
DROP, 3
DROW, 4
DRUB, 5
DRUG, 4
DRUM, 4
DRYS, 4
DUAL, 3
DUAN, 5
DUAR, 4
DUBS, 5
DUCE, 4
DUCI, 4
DUCK, 4
DUCT, 5
DUEL, 3
DUES, 6
DUET, 5
DUGS, 4
DUIT, 4
DUKA, 5
DUKE, 4
DULE, 3
DULY, 4
DUMA, 6
DUMB, 6
DUMP, 4
DUNE, 5
DUNG, 4
DUNK, 4
DUNS, 5
DUNT, 6
DUOS, 4
DUPE, 6
DUPS, 4
DURA, 3
DURE, 2
DURN, 4
DURO, 4
DUSH, 3
DUSK, 5
DUST, 3
DUTY, 5
DWAM, 6
DYER, 5
DYES, 4
DYKE, 4
DYNE, 5
DZHO, 6
DZOS, 5
EACH, 4
EANS, 4
EARD, 4
EARL, 2
EARN, 4
EARS, 4
EAST, 3
EASY, 3
EATH, 4
EATS, 3
EAUS, 5
EAUX, 4
EBON, 4
ECAD, 4
ECHO, 5
ECHT, 4
ECOD, 5
ECOS, 3
ECRU, 4
ECUS, 3
EDGY, 4
EDHS, 6
EDIT, 4
EFTS, 2
EGAD, 5
EGAL, 3
EGIS, 5
EGMA, 3
EGOS, 3
EIKS, 4
EILD, 3
EINA, 4
EISH, 5
ELAN, 2
ELDS, 4
ELFS, 5
ELHI, 4
ELKS, 6
ELMS, 4
ELMY, 4
ELTS, 4
EMIC, 5
EMIR, 6
EMIT, 5
EMOS, 4
EMPT, 5
EMUS, 4
EMYD, 5
EMYS, 6
ENDS, 5
ENGS, 6
ENOL, 3
ENOW, 4
ENUF, 5
ENVY, 5
EOAN, 4
EONS, 4
EORL, 4
EPHA, 5
EPIC, 5
EPOS, 5
ERAS, 2
ERGO, 4
ERGS, 4
ERHU, 4
ERIC, 5
ERKS, 4
ERNS, 5
EROS, 4
ERST, 5
ERUV, 4
ESKY, 5
ESPY, 5
ETAS, 3
ETCH, 4
ETHS, 3
ETIC, 5
ETNA, 5
ETUI, 4
EUGH, 5
EUKS, 4
EUOI, 5
EURO, 4
EVIL, 4
EVOS, 6
EWKS, 5
EWTS, 3
EXAM, 5
EXIT, 6
EXON, 5
EXPO, 5
EXUL, 4
EYAS, 3
EYOT, 4
EYRA, 4
FABS, 5
FACE, 6
FACT, 5
FADE, 6
FADO, 5
FADS, 5
FADY, 4
FAGS, 6
FAHS, 7
FAIK, 5
FAIL, 5
FAIN, 5
FAIR, 5
FAIX, 6
FAKE, 6
FALX, 5
FAME, 6
FAND, 6
FANE, 6
FANG, 7
FANK, 6
FANO, 6
FANS, 8
FARD, 6
FARE, 4
FARL, 4
FARM, 6
FARO, 4
FARS, 5
FART, 7
FASH, 6
FAST, 5
FATE, 7
FATS, 4
FAUN, 4
FAUR, 4
FAUT, 6
FAUX, 5
FAVE, 6
FAWN, 5
FAWS, 5
FAYS, 5
FAZE, 8
FEAL, 3
FEAR, 3
FEAT, 4
FECK, 5
FEDS, 4
FEGS, 5
FEHM, 5
FEHS, 6
FEIS, 3
FELT, 4
FEMS, 7
FEND, 4
FENI, 4
FENS, 8
FENT, 6
FEOD, 4
FERM, 5
FERN, 6
FEST, 4
FETA, 3
FETS, 3
FEUD, 5
FEUS, 9
FEWS, 10
FEYS, 11
FIAR, 4
FIAT, 5
FIBS, 6
FICE, 4
FICO, 3
FIDO, 5
FIDS, 4
FIER, 5
FIGO, 4
FIGS, 5
FIKE, 6
FIKY, 5
FILA, 4
FILE, 3
FILM, 3
FILO, 2
FILS, 4
FIND, 4
FINE, 5
FINK, 5
FINO, 4
FINS, 4
FIQH, 5
FIRE, 4
FIRK, 5
FIRM, 5
FIRN, 4
FIRS, 3
FISC, 4
FISH, 5
FISK, 5
FIST, 3
FITS, 4
FIVE, 7
FIXT, 4
FLAB, 3
FLAG, 4
FLAK, 5
FLAM, 6
FLAN, 7
FLAP, 8
FLAT, 5
FLAW, 9
FLAX, 10
FLAY, 11
FLEA, 2
FLED, 5
FLEG, 4
FLEW, 5
FLEX, 6
FLEY, 7
FLIC, 5
FLIM, 6
FLIP, 5
FLIR, 5
FLIT, 5
FLIX, 5
FLOB, 5
FLOC, 5
FLOE, 5
FLOG, 6
FLOP, 5
FLOR, 5
FLOW, 4
FLOX, 7
FLUB, 5
FLUE, 5
FLUS, 5
FLUX, 4
FOAL, 5
FOAM, 5
FOBS, 4
FOCI, 3
FOEN, 5
FOES, 4
FOGS, 5
FOGY, 5
FOHN, 3
FOID, 5
FOIL, 6
FOIN, 3
FOLD, 4
FOLK, 4
FOND, 6
FONE, 6
FONS, 5
FONT, 4
FOPS, 5
FORA, 3
FORB, 3
FORD, 4
FORE, 6
FORK, 4
FORM, 4
FORT, 5
FOUD, 4
FOUL, 6
FOUR, 4
FOUS, 5
FOWL, 8
FOXY, 6
FOYS, 7
FOZY, 7
FRAB, 5
FRAE, 3
FRAG, 4
FRAP, 5
FRAS, 4
FRAT, 4
FRAU, 5
FRAY, 6
FRET, 3
FRIB, 5
FRIG, 5
FRIS, 4
FRIT, 4
FRIZ, 5
FROE, 3
FROG, 4
FROM, 5
FROS, 4
FROW, 6
FRUG, 5
FUBS, 6
FUCI, 4
FUCK, 4
FUDS, 6
FUEL, 4
FUGS, 5
FUJI, 4
FUME, 5
FUMS, 5
FUMY, 4
FUND, 4
FUNG, 4
FUNK, 4
FUNS, 5
FURL, 4
FURS, 5
FURY, 5
FUSC, 5
FUSE, 4
FUST, 4
FUTZ, 5
FUZE, 6
FYCE, 4
FYKE, 5
FYLE, 3
FYRD, 3
GABS, 6
GABY, 4
GADE, 4
GADI, 5
GADS, 6
GAED, 4
GAEN, 3
GAES, 5
GAID, 6
GAIN, 6
GAIR, 4
GAIT, 5
GAJO, 4
GAKS, 7
GALE, 3
GALS, 4
GAMB, 3
GAME, 3
GAMP, 5
GAMS, 6
GAMY, 5
GANE, 5
GANS, 8
GANT, 6
GAOL, 6
GAPE, 6
GAPO, 3
GAPS, 6
GAPY, 6
GARB, 5
GARE, 2
GARI, 3
GARS, 6
GART, 4
GASH, 4
GASP, 4
GAST, 5
GATE, 7
GATH, 6
GATS, 4
GAUD, 5
GAUM, 6
GAUN, 6
GAUP, 6
GAUR, 2
GAUS, 5
GAVE, 8
GAWD, 4
GAWK, 5
GAWP, 7
GAWS, 9
GAYS, 10
GAZE, 9
GAZY, 6
GEAL, 4
GEAN, 4
GEAR, 5
GEAT, 4
GECK, 6
GEDS, 6
GEIT, 5
GELD, 3
GELS, 4
GELT, 5
GEMS, 6
GENA, 4
GENS, 7
GENT, 7
GENU, 5
GEOS, 4
GERM, 4
GERS, 5
GERT, 5
GEST, 5
GETA, 4
GETS, 4
GEUM, 5
GHAT, 5
GHIS, 4
GIBE, 3
GIBS, 4
GIDS, 5
GIED, 5
GIEN, 5
GIES, 5
GIFT, 5
GILA, 3
GILD, 4
GILT, 6
GIMP, 5
GINK, 5
GINS, 5
GIOS, 3
GIPS, 6
GIRD, 5
GIRL, 5
GIRN, 5
GIRO, 3
GIRT, 5
GISM, 4
GIST, 4
GITE, 4
GITS, 5
GIVE, 5
GJUS, 3
GLAD, 6
GLAM, 6
GLED, 4
GLEI, 4
GLEN, 5
GLEY, 4
GLIA, 3
GLIB, 4
GLID, 5
GLIM, 6
GLIT, 6
GLOB, 5
GLOM, 5
GLOP, 6
GLOW, 7
GLUE, 4
GLUM, 5
GLUT, 5
GNAR, 4
GNAT, 5
GNAW, 5
GNOW, 4
GNUS, 5
GOAD, 5
GOAF, 6
GOAL, 6
GOAS, 3
GOAT, 7
GOBI, 5
GOBS, 5
GOBY, 6
GODS, 5
GOEL, 4
GOER, 4
GOES, 5
GOEY, 5
GOJI, 3
GOLD, 5
GOLE, 2
GOLF, 5
GOLP, 5
GONE, 3
GONK, 5
GONS, 3
GORA, 4
GORE, 4
GORI, 4
GORM, 6
GORP, 6
GORY, 6
GOSH, 4
GOTH, 5
GOUK, 5
GOUT, 5
GOVS, 6
GOWD, 5
GOWF, 5
GOWK, 5
GOWL, 6
GOWN, 4
GOYS, 7
GRAB, 6
GRAD, 4
GRAM, 5
GRAN, 6
GRAT, 5
GRAV, 7
GRAY, 8
GREN, 6
GREW, 6
GREX, 6
GREY, 7
GRID, 5
GRIM, 5
GRIN, 5
GRIP, 4
GRIS, 5
GRIT, 4
GROK, 5
GROT, 4
GROW, 6
GRUB, 4
GRUE, 4
GRUM, 4
GUAN, 6
GUAR, 3
GUBS, 5
GUCK, 5
GUDE, 4
GUES, 6
GUID, 5
GULA, 4
GULE, 4
GULF, 3
GULP, 2
GULS, 4
GULY, 4
GUMP, 4
GUMS, 4
GUNK, 5
GUNS, 4
GUPS, 4
GURL, 5
GURN, 4
GURS, 5
GUSH, 2
GUST, 4
GUTS, 6
GUVS, 7
GUYS, 8
GYAL, 5
GYBE, 4
GYMP, 4
GYMS, 5
GYPS, 5
GYRE, 4
GYRI, 5
GYRO, 5
GYTE, 5
GYVE, 6
HABU, 4
HACK, 5
HADE, 7
HADJ, 6
HADS, 7
HAED, 3
HAEM, 5
HAEN, 4
HAES, 3
HAET, 4
HAFT, 6
HAGS, 7
HAIK, 7
HAIL, 4
HAIN, 7
HAIR, 4
HAJI, 5
HAKE, 8
HAKU, 6
HALE, 4
HALF, 4
HALM, 5
HALO, 5
HALT, 6
HAME, 7
HAMS, 7
HAND, 5
HANG, 5
HANK, 6
HANT, 3
HAOS, 4
HAPS, 7
HAPU, 6
HARD, 7
HARE, 5
HARK, 7
HARL, 5
HARM, 7
HARN, 6
HARO, 5
HARP, 6
HART, 8
HASK, 5
HASP, 4
HAST, 6
HATE, 8
HATS, 5
HAUD, 6
HAUF, 6
HAUL, 4
HAUT, 6
HAVE, 7
HAWK, 6
HAWM, 6
HAWS, 8
HAYS, 6
HAZE, 8
HAZY, 6
HEAD, 5
HEAL, 5
HEAP, 4
HEAR, 6
HEAT, 5
HECK, 4
HEFT, 5
HEID, 5
HEIL, 4
HEIR, 5
HELD, 3
HELM, 3
HELO, 4
HELP, 5
HEMP, 6
HEMS, 7
HEND, 5
HENS, 7
HENT, 8
HEPS, 6
HEPT, 5
HERB, 5
HERD, 5
HERL, 3
HERM, 6
HERN, 7
HERO, 4
HERS, 4
HERY, 6
HESP, 4
HEST, 5
HETS, 4
HEWN, 5
HEWS, 6
HEYS, 5
HICK, 5
HIDE, 4
HIED, 4
HIES, 6
HIKE, 7
HILA, 5
HILD, 5
HILT, 5
HIMS, 4
HIND, 5
HING, 6
HINS, 6
HINT, 4
HIPS, 3
HIPT, 4
HIRE, 5
HISN, 3
HIST, 2
HITS, 3
HIVE, 7
HIYA, 6
HOAR, 4
HOAS, 4
HOAX, 6
HOBS, 6
HOCK, 4
HODS, 6
HOED, 5
HOER, 5
HOES, 6
HOGS, 5
HOIK, 5
HOKA, 5
HOKE, 7
HOKI, 4
HOLD, 6
HOLE, 4
HOLK, 5
HOLM, 6
HOLP, 6
HOLS, 4
HOLT, 4
HOLY, 4
HOMA, 6
HOME, 7
HOMS, 5
HOMY, 5
HOND, 6
HONE, 7
HONG, 5
HONK, 4
HONS, 6
HOPE, 6
HOPS, 6
HORA, 5
HORE, 7
HORI, 5
HORN, 4
HORS, 5
HOSE, 5
HOST, 3
HOTE, 8
HOTS, 4
HOUF, 5
HOUR, 5
HOUT, 6
HOVE, 7
HOWE, 6
HOWF, 4
HOWK, 5
HOWL, 5
HOWS, 7
HOYA, 7
HOYS, 8
HUBS, 7
HUCK, 4
HUED, 5
HUER, 5
HUES, 7
HUGE, 7
HUGS, 3
HUGY, 4
HUIA, 5
HUIC, 4
HUIS, 4
HULA, 6
HULE, 4
HULK, 5
HUMA, 6
HUMF, 4
HUMP, 5
HUMS, 4
HUNG, 5
HUNK, 5
HUNS, 5
HUNT, 5
HUPS, 5
HURL, 5
HURT, 5
HUSK, 5
HUSO, 4
HUTS, 6
HWAN, 4
HWYL, 6
HYED, 5
HYEN, 5
HYES, 5
HYKE, 6
HYLA, 5
HYLE, 4
HYMN, 4
HYPE, 5
HYPO, 5
HYPS, 4
HYTE, 6
IAMB, 4
IBEX, 3
ICED, 5
ICER, 5
ICES, 5
ICHS, 4
ICKY, 4
ICON, 2
IDEA, 5
IDEM, 5
IDES, 5
IDLE, 1
IDLY, 3
IDOL, 4
IDYL, 6
IGAD, 4
IGLU, 4
IKAN, 5
IKAT, 4
IKON, 3
ILEA, 3
ILEX, 5
ILKA, 4
ILKS, 5
IMPS, 5
INBY, 5
INCH, 3
INFO, 3
INGO, 4
INGS, 3
INKS, 4
INKY, 5
INLY, 4
INRO, 2
INTO, 5
IONS, 4
IOTA, 4
IRED, 6
IRES, 4
IRKS, 5
IRON, 3
ISBA, 2
ISLE, 2
ISNA, 5
ITAS, 4
ITCH, 4
ITEM, 5
IURE, 4
IZAR, 5
JABS, 7
JACK, 6
JADE, 8
JAGS, 7
JAIL, 6
JAKE, 9
JAKS, 8
JAMB, 5
JAMS, 8
JANE, 7
JAPE, 5
JAPS, 8
JARK, 8
JARL, 6
JARP, 7
JARS, 7
JASP, 5
JASY, 6
JATO, 6
JAUK, 5
JAUP, 6
JAWS, 9
JAXY, 7
JAYS, 8
JAZY, 7
JEAN, 6
JEAT, 6
JEDI, 5
JEHU, 5
JEON, 5
JERK, 7
JEST, 6
JETS, 5
JEUX, 6
JEWS, 7
JIAO, 6
JIBE, 4
JIBS, 7
JIGS, 6
JILT, 6
JIMP, 6
JINK, 6
JINS, 7
JINX, 5
JIRD, 6
JISM, 5
JIVE, 8
JIVY, 5
JOBE, 6
JOBS, 7
JOCK, 5
JOES, 7
JOEY, 6
JOGS, 6
JOHN, 4
JOIN, 4
JOKE, 8
JOKY, 6
JOLE, 5
JOLS, 5
JOLT, 5
JONG, 4
JORS, 6
JOSH, 5
JOTA, 5
JOTS, 5
JOUK, 6
JOUR, 6
JOWL, 9
JOWS, 5
JOYS, 6
JUBA, 3
JUBE, 5
JUCO, 3
JUDO, 4
JUDS, 6
JUDY, 4
JUGA, 5
JUGS, 4
JUKE, 5
JUMP, 5
JUNK, 6
JUPE, 6
JURA, 4
JURE, 4
JURY, 5
JUST, 5
JUTE, 5
JUTS, 5
JUVE, 7
JYNX, 4
KABS, 8
KADE, 5
KADI, 6
KAED, 5
KAES, 6
KAFS, 6
KAGO, 5
KAGU, 5
KAID, 5
KAIE, 7
KAIF, 6
KAIL, 7
KAIM, 4
KAIN, 3
KAIS, 9
KALE, 5
KALI, 5
KAME, 8
KAMI, 6
KANE, 8
KANG, 7
KANS, 8
KANT, 7
KAON, 5
KAPH, 5
KARN, 4
KARO, 6
KART, 5
KATI, 4
KATS, 6
KAWS, 10
KAYO, 5
KAYS, 9
KAZI, 6
KBAR, 3
KEAS, 4
KEBS, 5
KEDS, 7
KEFS, 4
KEGS, 7
KEIR, 4
KELP, 6
KELT, 6
KEMB, 3
KEMP, 6
KENO, 5
KENS, 6
KENT, 9
KEPI, 4
KEPS, 7
KEPT, 5
KERB, 6
KERF, 6
KERN, 8
KERO, 5
KESH, 5
KEST, 7
KETA, 5
KETO, 5
KETS, 6
KEWL, 4
KEYS, 6
KHAF, 6
KHAN, 4
KHAT, 6
KHET, 5
KHIS, 5
KHOR, 5
KHUD, 5
KIBE, 5
KIDS, 5
KIEF, 5
KIER, 5
KIEV, 6
KIFS, 5
KILD, 6
KILN, 6
KILO, 3
KILP, 4
KILT, 7
KINA, 4
KIND, 4
KINE, 6
KING, 5
KINO, 3
KINS, 8
KIPE, 5
KIPS, 5
KIRN, 5
KIRS, 5
KISH, 6
KIST, 5
KITE, 6
KITH, 4
KITS, 6
KIVA, 5
KLAP, 6
KNAG, 5
KNAP, 3
KNAR, 4
KNEW, 4
KNIT, 4
KNOB, 5
KNOP, 5
KNOT, 6
KNOW, 5
KNUB, 5
KNUR, 5
KNUT, 5
KOAN, 4
KOAP, 5
KOAS, 2
KOBS, 8
KOEL, 5
KOHA, 6
KOHL, 6
KOIS, 3
KOJI, 5
KOLA, 4
KOND, 5
KONS, 7
KOPH, 6
KOPS, 6
KORA, 6
KORE, 4
KORS, 6
KORU, 4
KOWS, 6
KRAB, 7
KRIS, 6
KSAR, 5
KUDO, 5
KUEH, 6
KUES, 8
KUFI, 3
KUIA, 5
KULA, 6
KUNA, 4
KUNE, 3
KURI, 5
KUTA, 5
KUTI, 4
KVAS, 4
KYAR, 4
KYAT, 6
KYBO, 4
KYES, 6
KYLE, 5
KYND, 7
KYNE, 6
KYPE, 7
KYTE, 4
KYUS, 5
LABS, 3
LACE, 2
LACK, 4
LACS, 4
LACY, 5
LADE, 3
LADS, 5
LADY, 4
LAER, 2
LAGS, 6
LAHS, 5
LAIC, 5
LAID, 5
LAIK, 6
LAIN, 4
LAIR, 5
LAKE, 4
LAKH, 5
LAKY, 5
LAMB, 3
LAME, 5
LAMP, 6
LAMS, 7
LAND, 4
LANE, 6
LANG, 5
LANK, 6
LANT, 3
LANX, 7
LAPS, 8
LARD, 4
LARE, 7
LARI, 4
LARK, 5
LARN, 4
LARS, 5
LASE, 1
LASH, 3
LAST, 4
LATE, 8
LATH, 5
LATI, 4
LATS, 3
LATU, 5
LAUD, 5
LAUF, 7
LAVE, 9
LAVS, 9
LAWK, 6
LAWN, 5
LAWS, 10
LAYS, 11
LAZE, 10
LAZO, 8
LAZY, 6
LEAD, 2
LEAF, 3
LEAK, 4
LEAM, 5
LEAN, 6
LEAP, 7
LEAR, 2
LEAS, 8
LEAT, 9
LECH, 4
LEFT, 5
LEGS, 4
LEHR, 5
LEIR, 4
LEIS, 5
LEKS, 5
LEKU, 5
LEND, 4
LENG, 4
LENO, 4
LENS, 6
LENT, 4
LEPS, 7
LEPT, 6
LERP, 6
LEST, 4
LETS, 4
LEUD, 5
LEVA, 3
LEVO, 5
LEVY, 7
LEWD, 3
LEYS, 4
LIAR, 3
LIAS, 4
LIBS, 4
LICE, 4
LICH, 5
LICK, 6
LIDO, 5
LIDS, 4
LIED, 3
LIEF, 3
LIEN, 4
LIER, 5
LIES, 4
LIEU, 6
LIFE, 5
LIFT, 5
LIGS, 5
LIKE, 6
LIMA, 3
LIMB, 4
LIME, 7
LIMN, 4
LIMO, 6
LIMP, 5
LIMY, 6
LIND, 4
LINE, 8
LING, 5
LINK, 5
LINO, 5
LINS, 6
LINT, 6
LINY, 7
LION, 4
LIPA, 4
LIPE, 3
LIPO, 6
LIPS, 7
LIRA, 3
LIRE, 3
LIRK, 6
LISK, 5
LISP, 5
LIST, 5
LITE, 9
LITH, 5
LITS, 5
LITU, 5
LIVE, 10
LOAD, 5
LOAF, 4
LOAM, 5
LOAN, 6
LOBE, 3
LOBI, 5
LOBS, 4
LOCA, 4
LOCH, 5
LOCI, 5
LOCK, 6
LODE, 3
LODS, 5
LOFT, 5
LOGE, 4
LOGS, 4
LOGY, 6
LOID, 5
LOIN, 5
LOIR, 4
LOKE, 4
LOMA, 5
LOME, 5
LONE, 6
LONG, 6
LOPE, 5
LOPS, 5
LORD, 3
LORE, 4
LORN, 4
LORY, 5
LOSE, 4
LOSH, 4
LOST, 5
LOTA, 4
LOTE, 7
LOTH, 5
LOTI, 5
LOTS, 6
LOUD, 6
LOUN, 5
LOUP, 7
LOUR, 4
LOUS, 7
LOUT, 5
LOVE, 8
LOWE, 9
LOWN, 6
LOWP, 6
LOWS, 8
LOWT, 5
LOYS, 9
LUBE, 4
LUCE, 5
LUCK, 5
LUDE, 5
LUDO, 5
LUDS, 5
LUES, 5
LUGE, 5
LUGS, 6
LUIT, 6
LUKE, 6
LUMA, 4
LUMP, 5
LUMS, 7
LUNA, 3
LUNE, 6
LUNG, 6
LUNK, 6
LUNT, 6
LUNY, 7
LURE, 4
LURK, 4
LURS, 5
LUSH, 5
LUSK, 6
LUST, 6
LUTE, 7
LUTZ, 5
LUVS, 5
LUXE, 8
LWEI, 4
LYAM, 4
LYCH, 5
LYES, 5
LYME, 6
LYMS, 5
LYNE, 7
LYNX, 6
LYRA, 4
LYRE, 5
LYSE, 4
LYTE, 8
MABE, 3
MACE, 7
MACH, 6
MACK, 7
MACS, 5
MADE, 5
MADS, 7
MAES, 7
MAGE, 4
MAGI, 4
MAGS, 8
MAID, 4
MAIK, 5
MAIL, 8
MAIN, 8
MAIR, 6
MAKE, 6
MAKI, 5
MAKO, 6
MAKS, 9
MALE, 6
MALI, 6
MALS, 4
MALT, 7
MAND, 7
MANE, 6
MANG, 8
MANI, 4
MANO, 6
MANS, 7
MANY, 5
MAPS, 9
MARC, 7
MARD, 8
MARE, 6
MARG, 3
MARK, 9
MARL, 7
MARS, 8
MART, 9
MARY, 7
MASE, 7
MASH, 7
MASK, 5
MAST, 6
MASU, 5
MATE, 8
MATH, 6
MATS, 7
MATY, 6
MAUD, 5
MAUL, 5
MAUN, 4
MAUT, 7
MAWK, 7
MAWN, 5
MAWR, 5
MAWS, 9
MAXI, 6
MAYO, 5
MAYS, 8
MAZE, 9
MAZY, 7
MEAD, 6
MEAL, 6
MEAN, 7
MEAT, 7
MECK, 7
MEDS, 7
MEGA, 4
MEGS, 8
MEIN, 5
MELA, 3
MELD, 4
MELS, 5
MELT, 4
MEND, 6
MENG, 6
MENO, 6
MENT, 10
MENU, 6
MEOU, 6
MEOW, 5
MERC, 5
MERI, 7
MERK, 7
MERL, 4
MESA, 4
MESH, 5
META, 6
METH, 5
METS, 7
MEUS, 8
MEWL, 5
MEWS, 8
MHOS, 4
MIBS, 8
MICA, 6
MICE, 5
MICH, 4
MICK, 5
MICO, 4
MICS, 4
MIDS, 6
MIEN, 5
MIGS, 6
MIHA, 5
MIKE, 8
MILD, 4
MILE, 4
MILF, 4
MILK, 5
MILO, 4
MILS, 3
MILT, 6
MINA, 4
MIND, 6
MINE, 7
MING, 6
MINK, 7
MINO, 5
MINT, 5
MINX, 6
MINY, 8
MIPS, 6
MIRE, 6
MIRK, 4
MIRO, 4
MIRS, 6
MIRV, 5
MIRY, 3
MISE, 3
MISO, 4
MIST, 6
MITE, 7
MITY, 5
MIXT, 5
MIXY, 5
MNAS, 5
MOAI, 6
MOAN, 6
MOAS, 5
MOAT, 5
MOBE, 5
MOBS, 9
MOBY, 5
MOCH, 4
MOCK, 6
MOCS, 5
MODE, 4
MODI, 5
MODS, 7
MOER, 3
MOES, 8
MOGS, 7
MOHR, 5
MOIL, 7
MOIT, 5
MOKE, 9
MOKI, 6
MOLA, 5
MOLD, 7
MOLE, 6
MOLS, 6
MOLT, 6
MOLY, 5
MONA, 5
MONG, 6
MONK, 5
MONS, 8
MONY, 5
MOPE, 4
MOPS, 7
MOPY, 5
MORA, 7
MORE, 8
MORN, 5
MORS, 7
MORT, 5
MOSE, 6
MOSH, 6
MOSK, 5
MOST, 4
MOTE, 5
MOTH, 5
MOTI, 5
MOTS, 5
MOTU, 5
MOUE, 5
MOUP, 5
MOUS, 5
MOVE, 6
MOWA, 6
MOWN, 5
MOWS, 7
MOXA, 7
MOYA, 8
MOYL, 6
MOYS, 7
MOZE, 7
MUCH, 5
MUCK, 6
MUDS, 6
MUGS, 6
MUID, 6
MUIL, 6
MUIR, 5
MULE, 5
MUNG, 6
MUNI, 3
MUNS, 6
MUNT, 6
MUON, 4
MURA, 5
MURE, 5
MURK, 5
MURL, 6
MUSE, 5
MUSH, 4
MUSK, 4
MUSO, 4
MUST, 6
MUTE, 6
MUTI, 4
MUTS, 4
MWAH, 6
MYAL, 6
MYCS, 5
MYNA, 5
MYTH, 4
MYXO, 5
NABE, 3
NABK, 5
NABS, 9
NACH, 5
NADS, 8
NAGS, 9
NAIF, 4
NAIK, 5
NAIL, 4
NAME, 9
NAMS, 8
NAMU, 5
NAOI, 5
NAOS, 5
NAPE, 5
NAPS, 10
NARC, 5
NARD, 5
NARE, 7
NARK, 4
NARY, 6
NATS, 8
NAVE, 5
NAVY, 6
NAYS, 10
NAZE, 7
NAZI, 5
NEAL, 7
NEAP, 3
NEAR, 7
NEAT, 8
NEBS, 6
NECK, 4
NEDS, 8
NEFS, 5
NEGS, 7
NEIF, 5
NEKS, 7
NEMA, 4
NEPS, 6
NERD, 5
NERK, 6
NESH, 6
NEST, 8
NETS, 8
NEUK, 5
NEUM, 5
NEVI, 4
NEWS, 4
NEWT, 3
NEXT, 4
NGAI, 4
NIBS, 9
NICE, 4
NICK, 4
NIDE, 5
NIDS, 3
NIED, 4
NIEF, 4
NIES, 7
NIFE, 5
NIGH, 3
NILS, 4
NIMB, 6
NIMS, 4
NIPA, 3
NIPS, 5
NIRL, 6
NISH, 2
NITE, 5
NITS, 6
NIXE, 6
NIXY, 4
NOAH, 5
NOBS, 10
NOCK, 3
NODE, 4
NODI, 3
NODS, 4
NOEL, 4
NOES, 9
NOGS, 5
NOIL, 4
NOIR, 4
NOLE, 7
NOMA, 5
NOME, 5
NOMS, 6
NOPE, 7
NORI, 2
NORK, 4
NORM, 5
NOSE, 7
NOSH, 4
NOSY, 3
NOTA, 6
NOTE, 5
NOUL, 6
NOUP, 4
NOUS, 7
NOUT, 5
NOVA, 6
NOWL, 6
NOWS, 3
NOWT, 3
NOWY, 4
NOYS, 4
NUBS, 8
NUDE, 3
NUKE, 4
NUMB, 5
NURD, 5
NURL, 7
NURS, 4
NUTS, 5
NYAS, 4
NYED, 5
NYES, 7
OAFS, 3
OAKS, 3
OAKY, 6
OARS, 4
OARY, 4
OAST, 4
OATH, 5
OATS, 4
OATY, 4
OBAS, 4
OBES, 3
OBEY, 4
OBIA, 3
OBIS, 2
OBIT, 3
OCAS, 3
OCHE, 3
OCTA, 4
ODAH, 5
ODAL, 4
ODAS, 4
ODEA, 5
ODES, 4
ODIC, 3
ODYL, 6
OFAY, 5
OGAM, 5
OGLE, 3
OGRE, 5
OHED, 4
OHIA, 4
OHMS, 4
OIKS, 4
OILS, 2
OILY, 3
OINK, 2
OINT, 3
OKAS, 3
OKAY, 6
OKEH, 6
OKES, 4
OKRA, 4
OKTA, 4
OLDE, 4
OLDS, 5
OLDY, 6
OLEA, 4
OLES, 5
OLID, 6
OLMS, 5
OLPE, 4
OMBU, 5
OMEN, 5
OMER, 4
OMIT, 4
ONCE, 4
ONER, 4
ONES, 5
ONIE, 4
ONLY, 3
ONST, 4
ONUS, 5
ONYX, 4
OPAH, 6
OPAL, 5
OPED, 5
OPEN, 5
OPES, 4
OPTS, 4
OPUS, 4
ORAD, 4
ORAL, 3
ORBS, 3
ORBY, 3
ORCA, 4
ORCS, 5
ORDS, 4
ORES, 3
ORFE, 4
ORFS, 5
ORGY, 5
ORLE, 3
ORTS, 4
ORYX, 6
OSAR, 3
OTIC, 4
OUCH, 4
OUDS, 3
OUKS, 5
OULD, 4
OULK, 5
OUMA, 4
OUPA, 5
OUPH, 5
OUPS, 6
OURN, 4
OURS, 5
OUST, 5
OUTS, 5
OVAL, 6
OVEL, 5
OVEN, 6
OVER, 5
OVUM, 5
OWED, 5
OWER, 6
OWES, 6
OWLS, 3
OWLY, 4
OWNS, 3
OWRE, 6
OWSE, 3
OWTS, 6
OXEN, 7
OXER, 7
OXES, 7
OXID, 5
OXIM, 5
OYER, 8
OYES, 8
OYEZ, 6
PACE, 4
PACK, 5
PACO, 6
PACS, 5
PACT, 4
PACY, 6
PADI, 3
PADS, 6
PAGE, 4
PAHS, 7
PAID, 4
PAIK, 4
PAIL, 9
PAIN, 2
PAIR, 4
PAIS, 8
PALE, 7
PALM, 6
PALS, 5
PALY, 7
PAMS, 6
PAND, 4
PANE, 5
PANG, 4
PANS, 9
PANT, 5
PARD, 6
PARE, 8
PARK, 10
PARS, 3
PART, 4
PASE, 6
PASH, 5
PAST, 6
PATE, 4
PATH, 5
PATS, 9
PATU, 6
PATY, 7
PAUL, 6
PAVE, 7
PAVS, 5
PAWK, 6
PAWL, 5
PAWN, 5
PAWS, 10
PAYS, 11
PEAG, 5
PEAK, 5
PEAL, 8
PEAN, 4
PEAR, 8
PEAS, 5
PEAT, 9
PEBA, 3
PECH, 5
PECK, 4
PECS, 5
PEDS, 5
PEGH, 6
PEGS, 6
PEHS, 7
PEIN, 6
PELA, 4
PELF, 5
PELS, 6
PELT, 7
PEND, 5
PENI, 4
PENK, 6
PENS, 8
PENT, 6
PEON, 5
PERI, 8
PERK, 8
PERM, 7
PERN, 9
PERT, 5
PERV, 9
PESO, 4
PEST, 3
PETS, 9
PEWS, 9
PFUI, 4
PHAT, 5
PHEW, 6
PHIS, 3
PHIZ, 5
PHON, 4
PHOS, 4
PHOT, 4
PHUT, 5
PIAL, 4
PIAN, 3
PIAS, 6
PICA, 4
PICE, 6
PICK, 6
PICS, 5
PIED, 5
PIER, 6
PIES, 8
PIET, 5
PIGS, 7
PIKA, 5
PIKE, 6
PILA, 6
PILE, 5
PILY, 5
PIMA, 6
PINA, 3
PINE, 8
PING, 7
PINK, 8
PINS, 9
PINT, 6
PINY, 7
PION, 3
PIOY, 4
PIRL, 5
PIRN, 6
PIRS, 7
PISE, 3
PISH, 4
PISO, 5
PITA, 3
PITH, 5
PITS, 7
PITY, 6
PIUM, 5
PIXY, 6
PIZE, 7
PLAN, 7
PLAT, 6
PLAY, 6
PLEA, 5
PLEB, 2
PLED, 5
PLEW, 5
PLEX, 6
PLIE, 4
PLIM, 4
PLOD, 5
PLOT, 4
PLOW, 5
PLOY, 6
PLUE, 4
PLUG, 5
PLUM, 6
PLUS, 5
POAS, 6
POCK, 7
PODS, 8
POEM, 5
POET, 5
POGY, 5
POIS, 4
POKE, 4
POKY, 4
POLE, 8
POLK, 6
POLS, 7
POLT, 7
POLY, 6
POME, 3
POMS, 6
POND, 7
PONE, 5
PONG, 7
PONK, 6
PONS, 9
PONT, 5
PONY, 6
PORE, 6
PORK, 5
PORN, 6
PORT, 6
PORY, 5
POSE, 3
POSH, 7
POST, 5
POSY, 6
POTE, 7
POTS, 6
POUF, 4
POUK, 6
POUR, 3
POUT, 5
POWN, 6
POWS, 5
POXY, 6
PRAD, 5
PRAM, 5
PRAO, 4
PRAT, 4
PRAU, 6
PRAY, 7
PREM, 4
PREX, 5
PREY, 6
PREZ, 7
PRIG, 5
PRIM, 6
PROA, 5
PROB, 3
PROD, 4
PROF, 4
PROG, 5
PROM, 6
PROS, 5
PROW, 7
PRUH, 5
PRYS, 3
PTUI, 4
PUBE, 6
PUBS, 9
PUCE, 5
PUCK, 5
PUDS, 4
PUER, 6
PUGH, 3
PUGS, 7
PUHA, 5
PUIR, 4
PUJA, 5
PUKA, 6
PUKE, 6
PUKY, 5
PULA, 7
PULE, 6
PULI, 4
PULK, 3
PULS, 4
PULY, 4
PUMA, 5
PUMY, 3
PUNA, 4
PUNG, 7
PUNK, 7
PUNS, 7
PUNT, 7
PUNY, 6
PURE, 6
PURI, 4
PURL, 8
PURS, 5
PUSH, 5
PUTS, 6
PUTZ, 5
PUYS, 3
PYAS, 5
PYAT, 6
PYES, 8
PYET, 4
PYIC, 5
PYIN, 6
PYNE, 6
PYOT, 5
PYRE, 5
PYRO, 4
QADI, 7
QAID, 7
QATS, 10
QINS, 10
QOPH, 7
QUAD, 6
QUAG, 5
QUAI, 5
QUAT, 7
QUAY, 6
QUEP, 6
QUEY, 5
QUID, 7
QUIM, 5
QUIN, 5
QUIP, 5
QUIT, 5
QUIZ, 6
QUOD, 5
QUOP, 5
RABI, 4
RACE, 3
RACH, 6
RACK, 5
RACY, 7
RADE, 3
RADS, 4
RAFT, 4
RAGE, 3
RAGI, 4
RAGS, 5
RAGU, 3
RAHS, 6
RAID, 6
RAIK, 4
RAIL, 5
RAIN, 5
RAIS, 7
RAIT, 5
RAKE, 4
RAKI, 5
RAKU, 4
RALE, 8
RAMI, 5
RAMP, 6
RAMS, 8
RAND, 5
RANG, 4
RANI, 5
RANK, 3
RANT, 6
RAPE, 5
RAPS, 4
RAPT, 6
RASE, 6
RASH, 4
RASP, 3
RAST, 5
RATE, 7
RATH, 5
RATO, 4
RATS, 9
RATU, 5
RAUN, 4
RAVE, 8
RAVS, 10
RAWN, 4
RAWS, 11
RAYS, 12
RAZE, 9
READ, 4
REAK, 4
REAL, 1
REAM, 5
REAN, 6
REAP, 7
REBS, 4
RECK, 6
RECS, 5
REDO, 3
REDS, 6
REFS, 7
REFT, 6
REGO, 3
REGS, 4
REHS, 5
REIF, 5
REIK, 6
REIN, 6
REIS, 8
RELY, 3
REMS, 9
REND, 5
RENK, 5
RENS, 10
RENT, 6
RENY, 6
REOS, 4
REPO, 4
REPS, 11
RESH, 4
REST, 5
RETS, 12
REVS, 13
REWS, 14
RHEA, 4
RHOS, 5
RHUS, 3
RIAD, 5
RIAL, 2
RIAS, 4
RIBA, 4
RIBS, 3
RICE, 4
RICH, 5
RICK, 5
RICY, 5
RIDE, 3
RIDS, 5
RIEL, 5
RIEM, 6
RIFE, 4
RIFS, 4
RIFT, 4
RIGS, 5
RILE, 6
RIMA, 4
RIME, 5
RIMS, 6
RIMU, 4
RIMY, 4
RIND, 7
RINE, 6
RING, 8
RINK, 9
RINS, 11
RIOT, 4
RIPE, 7
RIPS, 7
RIPT, 5
RISE, 4
RISK, 4
RISP, 5
RITE, 8
RITS, 8
RITZ, 4
RIVA, 5
RIVE, 9
RIVO, 5
RIZA, 6
ROAD, 4
ROAM, 4
ROAN, 5
ROBE, 3
ROBS, 2
ROCH, 3
ROCK, 5
ROCS, 6
RODE, 6
RODS, 4
ROED, 3
ROES, 4
ROIL, 4
ROIN, 5
ROJI, 5
ROKE, 5
ROKS, 5
ROKY, 6
ROLE, 9
ROLF, 6
ROMA, 5
ROMP, 5
ROMS, 6
RONE, 5
RONG, 8
RONT, 6
RONZ, 7
ROPE, 8
ROPY, 6
ROSE, 8
ROST, 6
ROSY, 6
ROTA, 5
ROTE, 5
ROTI, 4
ROTL, 5
ROTS, 5
ROUE, 5
ROUL, 3
ROUM, 4
ROUP, 4
ROUT, 5
ROUX, 6
ROVE, 6
ROWS, 6
ROWT, 6
RUBE, 3
RUBS, 4
RUBY, 5
RUCK, 5
RUCS, 5
RUDE, 3
RUDS, 6
RUED, 4
RUES, 5
RUGA, 3
RUGS, 8
RUIN, 4
RUKH, 5
RULE, 7
RULY, 5
RUME, 4
RUMP, 6
RUMS, 6
RUND, 4
RUNE, 4
RUNG, 4
RUNS, 5
RUNT, 6
RUSA, 4
RUSE, 4
RUSH, 6
RUSK, 5
RUST, 7
RUTH, 4
RUTS, 6
RYAL, 4
RYAS, 5
RYES, 6
RYFE, 3
RYKE, 4
RYND, 4
RYOT, 5
RYPE, 5
SABE, 2
SACK, 4
SADE, 9
SADI, 4
SADO, 4
SAFE, 8
SAFT, 6
SAGE, 5
SAGO, 4
SAGY, 5
SAIC, 4
SAID, 5
SAIL, 4
SAIM, 5
SAIN, 6
SAIR, 4
SAKE, 10
SAKI, 5
SALE, 9
SALP, 3
SALT, 4
SAME, 10
SAMP, 6
SAND, 6
SANE, 9
SANG, 5
SANK, 4
SANT, 5
SARD, 4
SARI, 4
SARK, 3
SATE, 7
SATI, 5
SAUL, 5
SAUT, 5
SAVE, 8
SAWN, 6
SAXE, 9
SCAB, 3
SCAD, 6
SCAG, 5
SCAM, 5
SCAN, 7
SCAR, 5
SCAT, 5
SCAW, 6
SCOG, 4
SCOP, 5
SCOT, 6
SCOW, 7
SCRY, 6
SCUD, 4
SCUG, 5
SCUL, 4
SCUM, 4
SCUP, 6
SCUR, 7
SCUT, 5
SCYE, 4
SEAL, 9
SEAM, 3
SEAN, 4
SEAR, 3
SEAT, 3
SECH, 6
SECO, 3
SECT, 5
SEGO, 4
SEIF, 5
SEIK, 4
SEIL, 5
SEIR, 5
SEKT, 6
SELD, 3
SELF, 4
SEMI, 5
SENA, 3
SEND, 5
SENT, 7
SEPT, 4
SERA, 3
SERF, 4
SERK, 5
SETA, 3
SEWN, 6
SEXT, 8
SEXY, 7
SHAD, 6
SHAG, 5
SHAM, 7
SHAN, 6
SHAT, 5
SHAW, 6
SHAY, 8
SHEA, 4
SHED, 5
SHET, 4
SHEW, 5
SHIM, 4
SHIN, 3
SHIP, 4
SHIR, 5
SHIT, 3
SHIV, 6
SHMO, 5
SHOD, 4
SHOE, 3
SHOG, 5
SHOP, 3
SHOT, 4
SHOW, 6
SHRI, 5
SHUL, 6
SHUN, 5
SHUT, 4
SHWA, 5
SIAL, 4
SICE, 3
SICH, 4
SICK, 4
SIDA, 5
SIDE, 4
SIDH, 4
SIEN, 6
SIFT, 4
SIGH, 5
SIGN, 3
SIJO, 4
SIKA, 5
SIKE, 5
SILD, 3
SILE, 7
SILK, 3
SILO, 2
SILT, 4
SIMA, 6
SIMP, 5
SIND, 4
SINE, 6
SING, 5
SINH, 6
SINK, 4
SIPE, 2
SIRE, 7
SITE, 8
SITH, 4
SITZ, 5
SIZE, 9
SIZY, 5
SJOE, 4
SKAG, 6
SKAT, 5
SKAW, 5
SKEG, 6
SKEN, 7
SKEO, 5
SKEP, 4
SKER, 4
SKET, 5
SKEW, 6
SKID, 5
SKIM, 5
SKIN, 4
SKIO, 5
SKIP, 4
SKIT, 4
SKOL, 3
SKRY, 4
SKUA, 5
SKUG, 4
SKYF, 4
SKYR, 4
SLAB, 4
SLAE, 2
SLAG, 4
SLAM, 3
SLAP, 5
SLAT, 3
SLAW, 6
SLAY, 7
SLEB, 3
SLED, 5
SLEW, 6
SLEY, 5
SLID, 5
SLIM, 5
SLIP, 5
SLIT, 6
SLOB, 4
SLOE, 4
SLOG, 4
SLOP, 5
SLOT, 6
SLOW, 7
SLUB, 4
SLUE, 4
SLUG, 4
SLUM, 5
SLUR, 5
SLUT, 6
SMEW, 7
SMIR, 6
SMIT, 5
SMOG, 5
SMUG, 5
SMUR, 3
SMUT, 4
SNAB, 4
SNAG, 7
SNAP, 4
SNAR, 6
SNAW, 5
SNEB, 4
SNED, 6
SNIB, 3
SNIG, 4
SNIP, 4
SNIT, 5
SNOB, 4
SNOD, 4
SNOG, 5
SNOT, 4
SNOW, 6
SNUB, 4
SNUG, 5
SNYE, 4
SOAK, 5
SOAP, 5
SOAR, 3
SOBA, 3
SOCA, 4
SOCK, 4
SODA, 4
SOFA, 5
SOFT, 5
SOIL, 4
SOJA, 6
SOKE, 3
SOLA, 4
SOLD, 2
SOLE, 10
SOLI, 1
SOMA, 7
SOME, 4
SOMY, 5
SONE, 5
SONG, 4
SOPH, 6
SORA, 3
SORB, 2
SORD, 4
SORE, 6
SORI, 4
SORN, 4
SORT, 4
SOTH, 4
SOUK, 5
SOUL, 5
SOUM, 4
SOUP, 6
SOUR, 7
SOUT, 5
SOWF, 5
SOWL, 6
SOWM, 6
SOWN, 2
SOWP, 4
SOYA, 8
SPAE, 4
SPAG, 8
SPAM, 6
SPAN, 5
SPAR, 4
SPAT, 6
SPAW, 5
SPAY, 7
SPAZ, 8
SPEC, 5
SPED, 6
SPEK, 5
SPET, 4
SPEW, 7
SPIC, 4
SPIE, 3
SPIF, 4
SPIK, 5
SPIM, 6
SPIN, 5
SPIT, 6
SPIV, 7
SPOD, 5
SPOT, 5
SPRY, 4
SPUD, 4
SPUE, 3
SPUG, 6
SPUN, 6
SPUR, 5
STAB, 2
STAG, 4
STAP, 6
STAR, 4
STAW, 7
STAY, 8
STED, 5
STEM, 6
STEN, 7
STEP, 4
STEW, 8
STEY, 9
STIE, 3
STIM, 4
STIR, 5
STOA, 4
STOB, 5
STOP, 5
STOW, 6
STUB, 4
STUD, 5
STUM, 4
STUN, 5
STYE, 5
SUBA, 4
SUCH, 5
SUCK, 5
SUED, 5
SUER, 4
SUET, 5
SUGH, 3
SUGO, 4
SUID, 6
SUIT, 7
SUKH, 4
SULK, 4
SUMO, 5
SUMP, 4
SUMY, 5
SUNG, 5
SUNI, 3
SUNK, 8
SUPE, 3
SURA, 4
SURD, 4
SURE, 4
SURF, 5
SWAB, 5
SWAD, 6
SWAG, 9
SWAM, 7
SWAN, 6
SWAP, 6
SWAT, 7
SWAY, 8
SWEY, 6
SWIG, 5
SWIM, 5
SWIZ, 6
SWOB, 6
SWOP, 5
SWOT, 6
SWUM, 5
SYBO, 4
SYCE, 5
SYED, 7
SYEN, 8
SYKE, 5
SYLI, 3
SYNC, 4
SYND, 6
SYNE, 5
SYPE, 4
SYPH, 4
TABI, 4
TABS, 2
TABU, 5
TACE, 5
TACH, 6
TACK, 8
TACO, 7
TADS, 5
TAED, 5
TAEL, 4
TAES, 2
TAGS, 6
TAHR, 5
TAIG, 5
TAIL, 5
TAIN, 9
TAIS, 5
TAKE, 8
TAKI, 5
TAKS, 7
TAKY, 5
TALC, 4
TALE, 10
TALI, 7
TALK, 6
TAME, 6
TAMP, 5
TAMS, 8
TANE, 10
TANG, 4
TANH, 4
TANK, 5
TANS, 9
TAOS, 6
TAPE, 6
TAPS, 10
TAPU, 6
TARE, 9
TARN, 7
TARO, 7
TARP, 5
TARS, 9
TASH, 8
TASK, 6
TAUS, 11
TAVS, 12
TAWS, 6
TAXI, 5
TAYS, 6
TEAD, 4
TEAK, 5
TEAL, 10
TEAM, 4
TEAR, 4
TEAS, 4
TECH, 3
TECS, 4
TEDS, 5
TEDY, 4
TEFS, 3
TEGS, 6
TEGU, 5
TEHR, 5
TEIL, 6
TEIN, 5
TELA, 5
TELD, 5
TELS, 4
TEMP, 5
TEMS, 7
TEND, 4
TENS, 8
TEPA, 4
TERF, 6
TERM, 6
TERN, 7
TEWS, 9
THAE, 5
THAN, 4
THAR, 7
THAW, 5
THEM, 4
THEN, 5
THEW, 5
THEY, 6
THIG, 4
THIN, 4
THIO, 4
THIR, 5
THIS, 3
THON, 3
THOU, 5
THRO, 5
THRU, 4
THUD, 4
THUG, 4
THUS, 4
TIAN, 4
TIAR, 5
TICE, 7
TICH, 6
TICK, 5
TICS, 6
TIDE, 6
TIDS, 4
TIDY, 5
TIED, 5
TIER, 4
TIES, 4
TIGE, 5
TIGS, 4
TIKA, 5
TIKE, 5
TIKS, 5
TILE, 8
TILS, 5
TIME, 6
TINA, 5
TIND, 8
TINE, 5
TING, 5
TINK, 10
TINS, 12
TINY, 6
TIPS, 6
TIRE, 7
TIRL, 5
TIRO, 5
TIVY, 5
TOAD, 5
TOBY, 5
TOCK, 8
TOCS, 7
TODS, 4
TODY, 4
TOEA, 4
TOED, 4
TOES, 10
TOEY, 5
TOFU, 6
TOGA, 5
TOGE, 5
TOGS, 5
TOIL, 6
TOKE, 6
TOLA, 6
TOLD, 3
TOLE, 11
TOLU, 4
TOMB, 4
TOME, 6
TOMS, 4
TONE, 8
TONG, 4
TONK, 4
TONS, 3
TONY, 5
TOPE, 9
TOPH, 5
TOPI, 5
TOPS, 6
TORA, 8
TORC, 4
TORE, 9
TORI, 5
TORN, 7
TORS, 5
TORY, 6
TOSA, 4
TOSE, 9
TOSH, 5
TOUK, 5
TOUN, 5
TOUR, 8
TOWN, 7
TOWS, 7
TOWY, 6
TOYS, 8
TOZE, 7
TRAD, 4
TRAM, 5
TRAP, 3
TRAY, 6
TREF, 4
TREK, 3
TRES, 3
TREW, 4
TREY, 5
TREZ, 6
TRIE, 3
TRIG, 5
TRIM, 4
TRIN, 4
TRIO, 5
TRIP, 6
TROD, 6
TROG, 5
TRON, 4
TROP, 6
TROW, 5
TROY, 6
TRUE, 5
TRUG, 6
TRYE, 4
TRYP, 4
TSAR, 5
TUAN, 5
TUBA, 3
TUBE, 4
TUBS, 10
TUCK, 6
TUFA, 6
TUGS, 9
TUIS, 5
TULE, 8
TUMP, 7
TUMS, 5
TUNA, 5
TUND, 5
TUNE, 4
TUNG, 8
TUNS, 8
TUNY, 6
TUPS, 5
TURD, 4
TURF, 5
TURK, 6
TURM, 5
TURN, 5
TUSH, 7
TUSK, 4
TWAE, 4
TWAL, 4
TWAS, 6
TWAY, 6
TWIG, 5
TWIN, 5
TWOS, 5
TYDE, 4
TYED, 5
TYER, 6
TYES, 4
TYGS, 5
TYIN, 6
TYKE, 5
TYMP, 4
TYND, 6
TYNE, 6
TYPE, 7
TYPO, 5
TYRE, 6
TYRO, 5
TZAR, 6
UDAL, 4
UDON, 3
UDOS, 4
UEYS, 7
UFOS, 5
UGHS, 3
UGLY, 3
UKES, 6
ULAN, 7
ULES, 6
ULEX, 6
ULNA, 4
ULVA, 4
UMBO, 4
UMPH, 4
UMPS, 4
UMPY, 4
UMRA, 4
UNAI, 4
UNBE, 4
UNCE, 4
UNCI, 4
UNCO, 4
UNDE, 4
UNDO, 4
UNDY, 5
UNIS, 4
UNIT, 5
UNTO, 5
UPAS, 5
UPBY, 6
UPDO, 5
UPGO, 6
UPON, 4
UPSY, 4
UPTA, 5
URAO, 5
URBS, 4
URDE, 3
URDS, 4
URDY, 5
UREA, 4
URES, 4
URGE, 4
URIC, 5
URNS, 4
URPS, 5
URSA, 4
URVA, 5
USED, 6
USER, 5
UTAS, 5
UTES, 5
UTIS, 5
UVAE, 5
UVAS, 3
UVEA, 5
VACS, 4
VADE, 10
VAES, 8
VAGI, 6
VAGS, 5
VAIL, 10
VAIN, 10
VAIR, 7
VALE, 11
VALI, 8
VAMP, 7
VANE, 6
VANG, 9
VANS, 6
VANT, 8
VARE, 10
VARS, 10
VARY, 7
VASE, 7
VAST, 7
VATS, 11
VATU, 7
VAUS, 4
VAUT, 8
VAWS, 7
VEAL, 11
VEGA, 5
VEGO, 6
VEHM, 6
VEIL, 5
VEIN, 5
VELA, 3
VELD, 6
VENA, 4
VEND, 7
VENT, 11
VERA, 5
VERB, 7
VERD, 6
VERS, 5
VERT, 5
VERY, 7
VEST, 9
VETO, 5
VETS, 10
VEXT, 5
VIAE, 6
VIAL, 5
VIAS, 4
VIBE, 6
VIBS, 10
VICE, 8
VIDE, 7
VIDS, 7
VIED, 6
VIER, 7
VIES, 9
VIEW, 5
VIGA, 6
VIGS, 8
VILD, 7
VILE, 9
VIMS, 6
VINA, 6
VINE, 9
VINO, 6
VINS, 13
VINT, 7
VINY, 8
VIOL, 5
VIRE, 8
VIRL, 6
VISA, 5
VISE, 5
VITA, 6
VITE, 6
VIZY, 6
VLEI, 5
VLOG, 6
VOAR, 5
VOES, 11
VOID, 6
VOIP, 5
VOLA, 7
VOLE, 12
VOLK, 7
VOLS, 8
VOLT, 8
VORS, 8
VOTE, 7
VOWS, 8
VRIL, 5
VROT, 5
VROU, 5
VROW, 6
VUGH, 4
VUGS, 10
VULN, 6
VUMS, 7
WABS, 10
WACK, 9
WADE, 11
WADI, 8
WADS, 9
WADT, 5
WADY, 5
WAES, 9
WAFT, 6
WAGE, 6
WAGS, 10
WAID, 8
WAIF, 6
WAIL, 11
WAIN, 11
WAIR, 8
WAIS, 9
WAIT, 6
WAKE, 11
WAKF, 6
WALD, 4
WALE, 12
WALI, 9
WALK, 7
WALY, 7
WAME, 11
WAND, 8
WANE, 11
WANG, 10
WANK, 7
WANS, 9
WANT, 9
WANY, 6
WAPS, 11
WAQF, 6
WARB, 6
WARD, 9
WARE, 11
WARK, 5
WARM, 8
WARN, 8
WARP, 8
WARS, 11
WART, 10
WARY, 8
WASE, 8
WASH, 9
WASP, 6
WAST, 8
WATE, 9
WATS, 12
WAUK, 5
WAUL, 7
WAUR, 5
WAVE, 9
WAVY, 8
WAXY, 8
WAYS, 11
WEAK, 5
WEAL, 12
WEAN, 8
WEAR, 9
WEBS, 7
WEDS, 5
WEFT, 5
WEID, 6
WEIL, 6
WEIR, 6
WEKA, 5
WELD, 7
WELK, 5
WELS, 7
WELT, 8
WEMB, 4
WEMS, 5
WENA, 5
WEND, 5
WENS, 6
WENT, 4
WEPT, 5
WERO, 6
WERT, 6
WEST, 10
WETA, 7
WETS, 11
WEYS, 4
WHAE, 5
WHAM, 6
WHAP, 5
WHAT, 5
WHEN, 6
WHET, 5
WHEY, 5
WHID, 5
WHIG, 6
WHIM, 4
WHIN, 5
WHIO, 5
WHIP, 5
WHIR, 7
WHIT, 5
WHIZ, 8
WHOA, 6
WHOM, 5
WHOP, 4
WHOT, 5
WHUP, 5
WHYS, 5
WICE, 9
WICH, 7
WICK, 7
WIDE, 8
WIEL, 4
WIFE, 6
WIGS, 9
WILD, 8
WILE, 10
WILT, 8
WILY, 7
WIMP, 7
WIND, 4
WINE, 10
WING, 4
WINK, 5
WINO, 7
WINS, 3
WINY, 6
WIPE, 6
WIRE, 9
WIRY, 6
WISE, 6
WISH, 7
WISP, 6
WIST, 7
WITE, 8
WITH, 6
WITS, 9
WIVE, 7
WOAD, 7
WOCK, 5
WOES, 12
WOFS, 7
WOGS, 6
WOKE, 10
WOKS, 7
WOLD, 8
WOLF, 7
WOMB, 6
WONK, 7
WONS, 10
WONT, 7
WOPS, 5
WORD, 5
WORE, 10
WORK, 6
WORM, 7
WORN, 4
WORT, 7
WOST, 6
WOTS, 7
WOVE, 7
WRAP, 6
WREN, 5
WRIT, 5
WUDS, 7
WYCH, 5
WYES, 4
WYLE, 6
WYND, 5
WYNS, 4
WYTE, 7
XRAY, 6
XYST, 4
YACK, 4
YADS, 10
YAGI, 7
YAGS, 11
YAHS, 7
YAKS, 7
YALD, 5
YALE, 13
YAMS, 8
YANG, 5
YANK, 6
YAPS, 12
YARD, 10
YARE, 12
YARK, 11
YARN, 9
YATE, 10
YAUD, 6
YAUP, 7
YAWL, 6
YAWN, 5
YAWP, 6
YAWS, 9
YBET, 4
YEAD, 7
YEAH, 6
YEAN, 9
YEAR, 10
YEAS, 6
YEBO, 4
YECH, 4
YELD, 8
YELK, 6
YELM, 5
YELP, 6
YELT, 9
YENS, 5
YEPS, 5
YERD, 7
YERK, 7
YESK, 6
YEST, 11
YETI, 6
YEUK, 5
YEWS, 3
YGOE, 4
YIDS, 8
YIKE, 9
YINS, 14
YIPE, 7
YIPS, 7
YIRD, 4
YIRK, 5
YITE, 9
YLEM, 5
YLKE, 6
YMPE, 4
YMPT, 4
YOBS, 11
YOCK, 9
YODE, 7
YODH, 5
YODS, 5
YOGA, 5
YOGH, 5
YOGI, 4
YOKE, 11
YOKS, 7
YOLD, 9
YOLK, 4
YOMP, 5
YOND, 6
YONI, 3
YONT, 4
YORE, 11
YORK, 7
YORP, 6
YOUK, 7
YOUR, 9
YOUS, 6
YOWE, 8
YOWL, 10
YOWS, 9
YUAN, 5
YUCA, 6
YUCH, 6
YUCK, 7
YUFT, 4
YUGA, 4
YUGS, 11
YUKE, 7
YUKO, 6
YUKS, 5
YULE, 4
YUMP, 4
YUNX, 7
YUPS, 4
YURT, 5
YUTZ, 5
YWIS, 5
ZACK, 10
ZAGS, 12
ZANY, 7
ZAPS, 13
ZARF, 8
ZARI, 8
ZATI, 5
ZEAL, 13
ZEAS, 7
ZEBU, 5
ZEDS, 9
ZEIN, 6
ZEKS, 7
ZELS, 8
ZEPS, 8
ZERK, 9
ZERO, 7
ZEST, 12
ZETA, 8
ZHOS, 6
ZIGS, 10
ZILA, 7
ZIMB, 5
ZINC, 3
ZINE, 11
ZING, 9
ZINS, 15
ZIPS, 8
ZITE, 10
ZITS, 10
ZOBU, 6
ZOEA, 6
ZOIC, 4
ZOLS, 9
ZONA, 6
ZONE, 9
ZONK, 8
ZORI, 6
ZOUK, 8
ZUPA, 6
ZURF, 5
ZYGA, 5
ZYME, 5
